nome_parlametria,uf,nome_original,partido,id_camara
MARCELO CASTRO,PI,MARCELO CASTRO,MDB,74460
EDUARDO BOLSONARO,SP,EDUARDO BOLSONARO,PSL,92346
MÁRCIO MARINHO,BA,MÁRCIO MARINHO,REPUBLICANOS,150418
DAVID MIRANDA,RJ,DAVID MIRANDA,PSOL,205548
PAULÃO,AL,PAULÃO,PT,171617
CLAUDIO CAJADO,BA,CLAUDIO CAJADO,PP,74537
ARLINDO CHINAGLIA,SP,ARLINDO CHINAGLIA,PT,73433
MARCEL VAN HATTEM,RS,MARCEL VAN HATTEM,NOVO,156190
CARLOS ZARATTINI,SP,CARLOS ZARATTINI,PT,141398
AUGUSTO COUTINHO,PE,AUGUSTO COUTINHO,SOLIDARIEDADE,160665
PERPÉTUA ALMEIDA,AC,PERPÉTUA ALMEIDA,PCdoB,73943
PEDRO LUCAS FERNANDES,MA,PEDRO LUCAS FERNANDES,PTB,122974
GLAUBER BRAGA,RJ,GLAUBER BRAGA,PSOL,152605
LUIZ PHILIPPE DE ORLEANS E BRAGANÇA,SP,LUIZ PHILIPPE DE ORLEANS E BRAGANÇA,PSL,204526
IVAN VALENTE,SP,IVAN VALENTE,PSOL,73531
CAMILO CAPIBERIBE,AP,CAMILO CAPIBERIBE,PSB,204352
BRUNA FURLAN,SP,BRUNA FURLAN,PSDB,160589
HENRIQUE FONTANA,RS,HENRIQUE FONTANA,PT,73482
PAULO RAMOS,RJ,PAULO RAMOS,PDT,133968
RUBENS BUENO,PR,RUBENS BUENO,CIDADANIA,73466
VALMIR ASSUNÇÃO,BA,VALMIR ASSUNÇÃO,PT,160610
ALESSANDRO MOLON,RJ,ALESSANDRO MOLON,PSB,160511
VANDERLEI MACRIS,SP,VANDERLEI MACRIS,PSDB,141553
GENERAL GIRÃO,RN,GENERAL GIRÃO,PSL,204473
PINHEIRINHO,MG,PINHEIRINHO,PP,204524
GENERAL PETERNELLI,SP,GENERAL PETERNELLI,PSL,204484
PASTOR EURICO,PE,PASTOR EURICO,PATRIOTA,160642
JEFFERSON CAMPOS,SP,JEFFERSON CAMPOS,PSB,74273
AROLDO MARTINS,PR,AROLDO MARTINS,REPUBLICANOS,204414
ALAN RICK,AC,ALAN RICK,DEM,178836
JOSÉ ROCHA,BA,JOSÉ ROCHA,PL,74554
NILSON PINTO,PA,NILSON PINTO,PSDB,74352
CORONEL CHRISÓSTOMO,RO,CORONEL CHRISÓSTOMO,PSL,204378
EDUARDO CURY,SP,EDUARDO CURY,PSDB,178977
CORONEL ARMANDO,SC,CORONEL ARMANDO,PSL,204376
ZÉ SILVA,MG,ZÉ SILVA,SOLIDARIEDADE,160632
ARNALDO JARDIM,SP,ARNALDO JARDIM,CIDADANIA,141391
PADRE JOÃO,MG,PADRE JOÃO,PT,160556
DANILO CABRAL,PE,DANILO CABRAL,PSB,160528
ANDRÉ JANONES,MG,ANDRÉ JANONES,AVANTE,204515
VILSON DA FETAEMG,MG,VILSON DA FETAEMG,PSB,204483
ROGÉRIO CORREIA,MG,ROGÉRIO CORREIA,PT,204480
DIEGO ANDRADE,MG,DIEGO ANDRADE,PSD,160588
LEONARDO MONTEIRO,MG,LEONARDO MONTEIRO,PT,74156
JÚLIO DELGADO,MG,JÚLIO DELGADO,PSB,73586
EUCLYDES PETTERSEN,MG,EUCLYDES PETTERSEN,PSC,204482
FLÁVIA MORAIS,GO,FLÁVIA MORAIS,PDT,160598
ÁUREA CAROLINA,MG,ÁUREA CAROLINA,PSOL,204509
GREYCE ELIAS,MG,GREYCE ELIAS,AVANTE,198197
FRED COSTA,MG,FRED COSTA,PATRIOTA,204494
REGINALDO LOPES,MG,REGINALDO LOPES,PT,74161
ELCIONE BARBALHO,PA,ELCIONE BARBALHO,MDB,74075
SUBTENENTE GONZAGA,MG,SUBTENENTE GONZAGA,PDT,177282
EROS BIONDINI,MG,EROS BIONDINI,PROS,160640
LAFAYETTE DE ANDRADA,MG,LAFAYETTE DE ANDRADA,REPUBLICANOS,98057
DOMINGOS SÁVIO,MG,DOMINGOS SÁVIO,PSDB,160758
IGOR TIMO,MG,IGOR TIMO,PODE,204508
PATRUS ANANIAS,MG,PATRUS ANANIAS,PT,74160
GILBERTO NASCIMENTO,SP,GILBERTO NASCIMENTO,PSC,74270
ZÉ VITOR,MG,ZÉ VITOR,PL,204517
NEWTON CARDOSO JR,MG,NEWTON CARDOSO JR,MDB,178896
MAURO LOPES,MG,MAURO LOPES,MDB,74749
EVAIR VIEIRA DE MELO,ES,EVAIR VIEIRA DE MELO,PP,178871
LÉO MOTTA,MG,LÉO MOTTA,PSL,204547
ALÊ SILVA,MG,ALÊ SILVA,PSL,204545
PAULO ABI-ACKEL,MG,PAULO ABI-ACKEL,PSDB,141516
EDMILSON RODRIGUES,PA,EDMILSON RODRIGUES,PSOL,134812
TIAGO DIMAS,TO,TIAGO DIMAS,SOLIDARIEDADE,143084
DR. FREDERICO,MG,DR FREDERICO,PATRIOTA,204518
BOZZELLA,SP,JÚNIOR BOZZELLA,PSL,204502
EDUARDO BRAIDE,MA,EDUARDO BRAIDE,PODE,204552
LUCAS GONZALEZ,MG,LUCAS GONZALEZ,NOVO,204523
ENÉIAS REIS,MG,ENÉIAS REIS,PSL,207309
TIAGO MITRAUD,MG,TIAGO MITRAUD,NOVO,204519
FLÁVIA ARRUDA,DF,FLÁVIA ARRUDA,PL,204354
LEANDRE,PR,LEANDRE,PV,178832
SORAYA SANTOS,RJ,SORAYA SANTOS,PL,178946
SÂMIA BOMFIM,SP,SÂMIA BOMFIM,PSOL,204535
ROSANA VALLE,SP,ROSANA VALLE,PSB,204525
REJANE DIAS,PI,REJANE DIAS,PT,178925
TABATA AMARAL,SP,TABATA AMARAL,PDT,204534
ROSE MODESTO,MS,ROSE MODESTO,PSDB,204357
FELIPE FRANCISCHINI,PR,FELIPE FRANCISCHINI,PSL,204398
TALÍRIA PETRONE,RJ,TALÍRIA PETRONE,PSOL,204464
WILSON SANTIAGO,PB,WILSON SANTIAGO,PTB,74044
AFONSO MOTTA,RS,AFONSO MOTTA,PDT,178835
FÁBIO TRAD,MS,FÁBIO TRAD,PSD,160587
ODAIR CUNHA,MG,ODAIR CUNHA,PT,74159
LUIZ FLÁVIO GOMES,SP,LUIZ FLÁVIO GOMES,PSB,204543
ARTHUR OLIVEIRA MAIA,BA,ARTHUR OLIVEIRA MAIA,DEM,160600
POMPEO DE MATTOS,RS,POMPEO DE MATTOS,PDT,73486
CORONEL TADEU,SP,CORONEL TADEU,PSL,204514
BETO ROSADO,RN,BETO ROSADO,PP,178948
DARCI DE MATOS,SC,DARCI DE MATOS,PSD,116379
DELEGADO MARCELO FREITAS,MG,DELEGADO MARCELO FREITAS,PSL,204512
CLARISSA GAROTINHO,RJ,CLARISSA GAROTINHO,PROS,178939
SAMUEL MOREIRA,SP,SAMUEL MOREIRA,PSDB,178990
SHÉRIDAN,RR,SHÉRIDAN,PSDB,178961
DANIEL FREITAS,SC,DANIEL FREITAS,PSL,204367
ALENCAR SANTANA BRAGA,SP,ALENCAR SANTANA BRAGA,PT,204501
DELEGADO WALDIR,GO,DELEGADO WALDIR,PSL,164359
REINHOLD STEPHANES JUNIOR,PR,REINHOLD STEPHANES JUNIOR,PSD,205865
NICOLETTI,RR,NICOLETTI,PSL,204479
NELSON PELLEGRINO,BA,NELSON PELLEGRINO,PT,74571
DELEGADO PABLO,AM,DELEGADO PABLO,PSL,204569
MARGARETE COELHO,PI,MARGARETE COELHO,PP,204430
GILSON MARQUES,SC,GILSON MARQUES,NOVO,204365
JOÃO ROMA,BA,JOÃO ROMA,REPUBLICANOS,204576
BIA KICIS,DF,BIA KICIS,PSL,204374
DARCÍSIO PERONDI,RS,DARCÍSIO PERONDI,MDB,73891
LUIZÃO GOULART,PR,PROFESSOR LUIZÃO GOULART,REPUBLICANOS,204418
PAULO TEIXEIRA,SP,PAULO TEIXEIRA,PT,141488
JOSÉ GUIMARÃES,CE,JOSÉ GUIMARÃES,PT,141470
EDUARDO BISMARCK,CE,EDUARDO BISMARCK,PDT,204541
GIL CUTRIM,MA,GIL CUTRIM,REPUBLICANOS,204575
EXPEDITO NETTO,RO,EXPEDITO NETTO,PSD,178953
AUREO RIBEIRO,RJ,AUREO RIBEIRO,SOLIDARIEDADE,160512
SILVIO COSTA FILHO,PE,SILVIO COSTA FILHO,REPUBLICANOS,204425
CAROLINE DE TONI,SC,CAROLINE DE TONI,PSL,204369
DELEGADO ÉDER MAURO,PA,DELEGADO ÉDER MAURO,PSD,178908
CELSO MALDANER,SC,CELSO MALDANER,MDB,141405
MARCELO RAMOS,AM,MARCELO RAMOS,PL,204556
BENEDITA DA SILVA,RJ,BENEDITA DA SILVA,PT,73701
ERIKA KOKAY,DF,ERIKA KOKAY,PT,160575
LÍDICE DA MATA,BA,LÍDICE DA MATA,PSB,139285
JOSE MARIO SCHREINER,GO,JOSE MARIO SCHREINER,DEM,204386
ABOU ANNI,SP,ABOU ANNI,PSL,204521
NERI GELLER,MT,NERI GELLER,PP,146307
OTTO ALENCAR FILHO,BA,OTTO ALENCAR FILHO,PSD,204573
MAURO BENEVIDES FILHO,CE,MAURO BENEVIDES FILHO,PDT,204486
PEDRO LUPION,PR,PEDRO LUPION,DEM,204395
OSIRES DAMASO,TO,OSIRES DAMASO,PSC,204363
PEDRO CUNHA LIMA,PB,PEDRO CUNHA LIMA,PSDB,178912
ALIEL MACHADO,PR,ALIEL MACHADO,PSB,178927
MARIA DO ROSÁRIO,RS,MARIA DO ROSÁRIO,PT,74398
ALICE PORTUGAL,BA,ALICE PORTUGAL,PCdoB,74057
PROFESSORA ROSA NEIDE,MT,PROFESSORA ROSA NEIDE,PT,204467
RAUL HENRY,PE,RAUL HENRY,MDB,141523
PAULA BELMONTE,DF,PAULA BELMONTE,CIDADANIA,204377
OTONI DE PAULA,RJ,OTONI DE PAULA,PSC,204441
PROFESSORA DAYANE PIMENTEL,BA,PROFESSORA DAYANE PIMENTEL,PSL,204565
ÁTILA LIRA,PI,ÁTILA LIRA,PP,74459
GASTÃO VIEIRA,MA,GASTÃO VIEIRA,PROS,74200
BIRA DO PINDARÉ,MA,BIRA DO PINDARÉ,PSB,204561
PROFESSOR ISRAEL BATISTA,DF,PROFESSOR ISRAEL BATISTA,PV,204383
FILIPE BARROS,PR,FILIPE BARROS,PSL,204411
MARCELO CALERO,RJ,MARCELO CALERO,CIDADANIA,204433
FELIPE RIGONI,ES,FELIPE RIGONI,PSB,204371
BACELAR,BA,BACELAR,PODE,69871
CHRIS TONIETTO,RJ,CHRIS TONIETTO,PSL,204462
GUSTINHO RIBEIRO,SE,GUSTINHO RIBEIRO,SOLIDARIEDADE,204408
CARLOS JORDY,RJ,CARLOS JORDY,PSL,204460
PROFESSORA DORINHA SEABRA REZENDE,TO,PROFESSORA DORINHA SEABRA REZENDE,DEM,160639
WALDENOR PEREIRA,BA,WALDENOR PEREIRA,PT,160569
EDUARDO BARBOSA,MG,EDUARDO BARBOSA,PSDB,74655
PEDRO UCZAI,SC,PEDRO UCZAI,PT,160604
JOSÉ RICARDO,AM,JOSÉ RICARDO,PT,204555
IDILVAN ALENCAR,CE,IDILVAN ALENCAR,PDT,204533
MARIANA CARVALHO,RO,MARIANA CARVALHO,PSDB,178956
"NATÁLIA BONAVIDES",RN,"NATÁLIA BONAVIDES",PT,204453
ZECA DIRCEU,PR,ZECA DIRCEU,PT,160592
DANIELA DO WAGUINHO,RJ,DANIELA DO WAGUINHO,MDB,204459
PROFESSOR ALCIDES,GO,PROFESSOR ALCIDES,PP,204390
TÚLIO GADÊLHA,PE,TÚLIO GADÊLHA,PDT,157130
ROBERTO DE LUCENA,SP,ROBERTO DE LUCENA,PODE,160653
CARLA ZAMBELLI,SP,CARLA ZAMBELLI,PSL,204507
FERNANDA MELCHIONNA,RS,FERNANDA MELCHIONNA,PSOL,204407
HEITOR FREIRE,CE,HEITOR FREIRE,PSL,204548
ROSANGELA GOMES,RJ,ROSANGELA GOMES,REPUBLICANOS,178945
PR. MARCO FELICIANO,SP,PR MARCO FELICIANO,PL,160601
ÁTILA LINS,AM,ÁTILA LINS,PP,74090
JOSÉ NELTO,GO,JOSÉ NELTO,PODE,204391
ALEX MANENTE,SP,ALEX MANENTE,CIDADANIA,178972
ZÉ NETO,BA,ZÉ NETO,PT,204559
SILVIA CRISTINA,RO,SILVIA CRISTINA,PDT,204360
BETO PEREIRA,MS,BETO PEREIRA,PSDB,204358
HILDO ROCHA,MA,HILDO ROCHA,MDB,178884
JOSEILDO RAMOS,BA,JOSEILDO RAMOS,PT,209189
ZÉ CARLOS,MA,ZÉ CARLOS,PT,178889
FREI ANASTACIO RIBEIRO,PB,FREI ANASTACIO RIBEIRO,PT,204393
JESUS SÉRGIO,AC,JESUS SÉRGIO,PDT,204435
CHARLES FERNANDES,BA,CHARLES FERNANDES,PSD,205476
AJ ALBUQUERQUE,CE,AJ ALBUQUERQUE,PP,204549
MARCELO NILO,BA,MARCELO NILO,PSB,204558
PAULO GUEDES,MG,PAULO GUEDES,PT,204492
ADRIANO DO BALDY,GO,ADRIANO DO BALDY,PP,121948
LÉO MORAES,RO,LÉO MORAES,PODE,204359
SIDNEY LEITE,AM,SIDNEY LEITE,PSD,204557
JANDIRA FEGHALI,RJ,JANDIRA FEGHALI,PCdoB,74848
VITOR HUGO,GO,MAJOR VITOR HUGO,PSL,179587
TADEU ALENCAR,PE,TADEU ALENCAR,PSB,178922
KIM KATAGUIRI,SP,KIM KATAGUIRI,DEM,204536
GENECIAS NORONHA,CE,GENECIAS NORONHA,SOLIDARIEDADE,160669
SANDERSON,RS,SANDERSON,PSL,204416
PAULO EDUARDO MARTINS,PR,PAULO EDUARDO MARTINS,PSC,193726
HELDER SALOMÃO,ES,HELDER SALOMÃO,PT,178873
JOSÉ MEDEIROS,MT,JOSÉ MEDEIROS,PODE,204472
MARCON,RS,MARCON,PT,160535
JOENIA WAPICHANA,RR,JOENIA WAPICHANA,REDE,204468
CARLOS VERAS,PE,CARLOS VERAS,PT,204426
BOHN GASS,RS,BOHN GASS,PT,160538
ALEXANDRE FROTA,SP,ALEXANDRE FROTA,PSDB,204544
LUIZ LIMA,RJ,LUIZ LIMA,PSL,204455
MARIA ROSAS,SP,MARIA ROSAS,REPUBLICANOS,204540
HELIO LOPES,RJ,HELIO LOPES,PSL,204444
AÉCIO NEVES,MG,AÉCIO NEVES,PSDB,74646
LEUR LOMANTO JÚNIOR,BA,LEUR LOMANTO JÚNIOR,DEM,92102
ELI CORRÊA FILHO,SP,ELI CORRÊA FILHO,DEM,160532
HUGO MOTTA,PB,HUGO MOTTA,REPUBLICANOS,160674
LEÔNIDAS CRISTINO,CE,LEÔNIDAS CRISTINO,PDT,74299
HUGO LEAL,RJ,HUGO LEAL,PSD,141450
VICENTINHO JÚNIOR,TO,VICENTINHO JÚNIOR,PL,137070
SERGIO VIDIGAL,ES,SERGIO VIDIGAL,PDT,178874
PROFESSOR JOZIEL,RJ,PROFESSOR JOZIEL,PSL,204446
DA VITORIA,ES,DA VITORIA,CIDADANIA,204355
JAQUELINE CASSOL,RO,JAQUELINE CASSOL,PP,108338
PAULO AZI,BA,PAULO AZI,DEM,178860
CHRISTIANE DE SOUZA YARED,PR,CHRISTIANE DE SOUZA YARED,PL,178928
FELIPE CARRERAS,PE,FELIPE CARRERAS,PSB,72442
AFONSO HAMM,RS,AFONSO HAMM,PP,136811
GENINHO ZULIANI,SP,GENINHO ZULIANI,DEM,204527
GUTEMBERG REIS,RJ,GUTEMBERG REIS,MDB,204456
HÉLIO COSTA,SC,HÉLIO COSTA,REPUBLICANOS,204373
WLADIMIR GAROTINHO,RJ,WLADIMIR GAROTINHO,PSD,204463
BENES LEOCÁDIO,RN,BENES LEOCÁDIO,REPUBLICANOS,109429
SILAS CÂMARA,AM,SILAS CÂMARA,REPUBLICANOS,74356
ADOLFO VIANA,BA,ADOLFO VIANA,PSDB,204560
ORLANDO SILVA,SP,ORLANDO SILVA,PCdoB,178987
JOAQUIM PASSARINHO,PA,JOAQUIM PASSARINHO,PSD,178910
RUBENS OTONI,GO,RUBENS OTONI,PT,74371
LUCAS REDECKER,RS,LUCAS REDECKER,PSDB,204404
AIRTON FALEIRO,PA,AIRTON FALEIRO,PT,204495
ELIAS VAZ,GO,ELIAS VAZ,PSB,204389
FELÍCIO LATERÇA,RJ,FELÍCIO LATERÇA,PSL,204477
CHRISTINO AUREO,RJ,CHRISTINO AUREO,PP,204440
LAERCIO OLIVEIRA,SE,LAERCIO OLIVEIRA,PP,151208
CÁSSIO ANDRADE,PA,CÁSSIO ANDRADE,PSB,204499
DANIEL SILVEIRA,RJ,DANIEL SILVEIRA,PSL,204454
RODRIGO AGOSTINHO,SP,RODRIGO AGOSTINHO,PSB,204530
NILTO TATTO,SP,NILTO TATTO,PT,178986
HÉLIO LEITE,PA,HÉLIO LEITE,DEM,178909
JULIO CESAR RIBEIRO,DF,JULIO CESAR RIBEIRO,REPUBLICANOS,204372
RENILDO CALHEIROS,PE,RENILDO CALHEIROS,PCdoB,73801
DANRLEI DE DEUS HINTERHOLZ,RS,DANRLEI DE DEUS HINTERHOLZ,PSD,160552
LINCOLN PORTELA,MG,LINCOLN PORTELA,PL,74585
CÉLIO MOURA,TO,CÉLIO MOURA,PT,204370
MARX BELTRÃO,AL,MARX BELTRÃO,PSD,178843
GUIGA PEIXOTO,SP,GUIGA PEIXOTO,PSL,204513
RENATA ABREU,SP,RENATA ABREU,PODE,178989
MARCELO FREIXO,RJ,MARCELO FREIXO,PSB,76874
JOÃO CAMPOS,GO,JOÃO CAMPOS,REPUBLICANOS,74366
RODRIGO MAIA,RJ,RODRIGO MAIA,S.PART.,74693
VICENTINHO,SP,VICENTINHO,PT,74283
DANIEL ALMEIDA,BA,DANIEL ALMEIDA,PCdoB,74060
MÁRCIO JERRY,MA,MÁRCIO JERRY,PCdoB,81055
ALTINEU CÔRTES,RJ,ALTINEU CÔRTES,PL,178937
MAURÍCIO DZIEDRICKI,RS,MAURÍCIO DZIEDRICKI,PTB,75431
MARGARIDA SALOMÃO,MG,MARGARIDA SALOMÃO,PT,171619
JOÃO CARLOS BACELAR,BA,JOÃO CARLOS BACELAR,PR,74131
JOÃO CARLOS BACELAR,BA,JOÃO CARLOS BACELAR,PL,141458
CARLOS CHIODINI,SC,CARLOS CHIODINI,MDB,204361
GERVÁSIO MAIA,PB,GERVÁSIO MAIA,PSB,204394
MÁRCIO BIOLCHI,RS,MÁRCIO BIOLCHI,MDB,179001
SERGIO TOLEDO,AL,SERGIO TOLEDO,PL,204438
HIRAN GONÇALVES,RR,HIRAN GONÇALVES,PP,178959
LUIZÃO GOULART,PR,LUIZÃO GOULART,REPUBLICANOS,204418
FÁBIO MITIDIERI,SE,FÁBIO MITIDIERI,PSD,178969
DR. LUIZ OVANDO,MS,DR LUIZ OVANDO,PSL,204351
ALCEU MOREIRA,RS,ALCEU MOREIRA,MDB,160559
CÉLIO STUDART,CE,CÉLIO STUDART,PV,204488
CAPITÃO ALBERTO NETO,AM,CAPITÃO ALBERTO NETO,REPUBLICANOS,204572
DRA. VANDA MILANI,AC,DRA VANDA MILANI,SOLIDARIEDADE,204434
RICARDO IZAR,SP,RICARDO IZAR,PTB,73557
RICARDO IZAR,SP,RICARDO IZAR,PP,160655
CARLOS GOMES,RS,CARLOS GOMES,REPUBLICANOS,178962
LUCIO MOSQUINI,RO,LUCIO MOSQUINI,MDB,178954
PAULO PAIM,RS,PAULO PAIM,PT,73910
DENIS BEZERRA,CE,DENIS BEZERRA,PSB,204542
CARMEN ZANOTTO,SC,CARMEN ZANOTTO,CIDADANIA,164360
ALEXANDRE PADILHA,SP,ALEXANDRE PADILHA,PT,204503
RICARDO BARROS,PR,RICARDO BARROS,PP,73788
ADRIANA VENTURA,SP,ADRIANA VENTURA,NOVO,204528
PEDRO WESTPHALEN,RS,PEDRO WESTPHALEN,PP,204406
ALCIDES RODRIGUES,GO,ALCIDES RODRIGUES,PATRIOTA,204413
SANTINI,RS,SANTINI,PTB,90842
JORGE SOLLA,BA,JORGE SOLLA,PT,178857
TEREZA NELMA,AL,TEREZA NELMA,PSDB,204466
DRA. SORAYA MANATO,ES,DRA SORAYA MANATO,PSL,81297
CHIQUINHO BRAZÃO,RJ,CHIQUINHO BRAZÃO,AVANTE,204476
MARCELO MORAES,RS,MARCELO MORAES,PTB,133810
ELI BORGES,TO,ELI BORGES,SOLIDARIEDADE,204364
ALUISIO MENDES,MA,ALUISIO MENDES,PSC,178881
FABIO REIS,SE,FABIO REIS,MDB,171623
TED CONTI,ES,TED CONTI,PSB,206231
LUISA CANZIANI,PR,LUISA CANZIANI,PTB,204410
DULCE MIRANDA,TO,DULCE MIRANDA,MDB,178994
PAULO PIMENTA,RS,PAULO PIMENTA,PT,74400
MÁRCIO LABRE,RJ,MÁRCIO LABRE,PSL,204452
GLEISI HOFFMANN,PR,GLEISI HOFFMANN,PT,107283
ENRICO MISASI,SP,ENRICO MISASI,PV,204537
BIBO NUNES,RS,BIBO NUNES,PSL,204388
VINICIUS POIT,SP,VINICIUS POIT,NOVO,204532
DIEGO GARCIA,PR,DIEGO GARCIA,PODE,178929
LUCAS VERGILIO,GO,LUCAS VERGILIO,SOLIDARIEDADE,178879
JOSIMAR MARANHÃOZINHO,MA,JOSIMAR MARANHÃOZINHO,PL,204563
MARCELO ARO,MG,MARCELO ARO,PP,146788
JERÔNIMO GOERGEN,RS,JERÔNIMO GOERGEN,PP,160570
CRISTIANO VALE,PA,CRISTIANO VALE,PL,135054
BOSCO COSTA,SE,BOSCO COSTA,PL,74052
JOÃO DANIEL,SE,JOÃO DANIEL,PT,178970
ANTONIO BRITO,BA,ANTONIO BRITO,PSD,160553
PASTOR SARGENTO ISIDÓRIO,BA,PASTOR SARGENTO ISIDÓRIO,AVANTE,204553
MILTON VIEIRA,SP,MILTON VIEIRA,REPUBLICANOS,154178
DR. ZACHARIAS CALIL,GO,DR ZACHARIAS CALIL,DEM,204412
FLORDELIS,RJ,FLORDELIS,PSD,204447
BOCA ABERTA,PR,BOCA ABERTA,PROS,204397
JUSCELINO FILHO,MA,JUSCELINO FILHO,DEM,178886
DR. JAZIEL,CE,DR JAZIEL,PL,204481
EDUARDO COSTA,PA,EDUARDO COSTA,PTB,204500
ALEXANDRE SERFIOTIS,RJ,ALEXANDRE SERFIOTIS,PSD,178833
DR. LEONARDO,MT,DR LEONARDO,SOLIDARIEDADE,204439
MÁRIO HERINGER,MG,MÁRIO HERINGER,PDT,74158
MAURO NAZIF,RO,MAURO NAZIF,PSB,141508
MIGUEL LOMBARDI,SP,MIGUEL LOMBARDI,PL,178985
JOICE HASSELMANN,SP,JOICE HASSELMANN,PSL,204546
MAJOR FABIANA,RJ,MAJOR FABIANA,PSL,204458
JULIAN LEMOS,PB,JULIAN LEMOS,PSL,204420
LOURIVAL GOMES,RJ,LOURIVAL GOMES,PSL,196358
ALINE SLEUTJES,PR,ALINE SLEUTJES,PSL,204400
FÉLIX MENDONÇA JÚNIOR,BA,FÉLIX MENDONÇA JÚNIOR,PDT,160666
ANDRÉ FIGUEIREDO,CE,ANDRÉ FIGUEIREDO,PDT,133439
CEZINHA DE MADUREIRA,SP,CEZINHA DE MADUREIRA,PSD,204504
LUIZA ERUNDINA,SP,LUIZA ERUNDINA,PSOL,74784
ANGELA AMIN,SC,ANGELA AMIN,PP,73696
LUIS MIRANDA,DF,LUIS MIRANDA,DEM,204381
LOESTER TRUTIS,MS,LOESTER TRUTIS,PSL,204382
VAVÁ MARTINS,PA,VAVÁ MARTINS,REPUBLICANOS,204505
IZALCI LUCAS,DF,IZALCI LUCAS,PSDB,4931
CARLOS HENRIQUE GAGUIM,TO,CARLOS HENRIQUE GAGUIM,DEM,178993
WELITON PRADO,MG,WELITON PRADO,PROS,160518
ELIZIANE GAMA,MA,ELIZIANE GAMA,PPS,178883
CACÁ LEÃO,BA,CACÁ LEÃO,PP,93083
MARRECA FILHO,MA,MARRECA FILHO,PATRIOTA,204566
CAPITÃO WAGNER,CE,CAPITÃO WAGNER,PROS,204487
JÚNIOR MANO,CE,JÚNIOR MANO,PL,204550
ARTHUR LIRA,AL,ARTHUR LIRA,PP,160541
NELSON BARBUDO,MT,NELSON BARBUDO,PSL,204449
FAUSTO PINATO,SP,FAUSTO PINATO,PP,66828
VINICIUS FARAH,RJ,VINICIUS FARAH,MDB,204478
LIZIANE BAYER,RS,LIZIANE BAYER,PSB,204405
SARGENTO FAHUR,PR,SARGENTO FAHUR,PSD,204387
GUILHERME DERRITE,SP,GUILHERME DERRITE,PP,204531
PAULO GANIME,RJ,PAULO GANIME,NOVO,204461
RAIMUNDO COSTA,BA,RAIMUNDO COSTA,PL,204567
VINICIUS CARVALHO,SP,VINICIUS CARVALHO,REPUBLICANOS,141555
AGUINALDO RIBEIRO,PB,AGUINALDO RIBEIRO,PP,160527
RUI FALCÃO,SP,RUI FALCÃO,PT,73604
SÓSTENES CAVALCANTE,RJ,SÓSTENES CAVALCANTE,DEM,178947
ALEXIS FONTEYNE,SP,ALEXIS FONTEYNE,NOVO,204516
MARÍLIA ARRAES,PE,MARÍLIA ARRAES,PT,204428
DAGOBERTO NOGUEIRA,MS,DAGOBERTO NOGUEIRA,PDT,141411
HEITOR SCHUCH,RS,HEITOR SCHUCH,PSB,178964
CAPITÃO AUGUSTO,SP,CAPITÃO AUGUSTO,PL,178829
GURGEL,RJ,GURGEL,PSL,204442
ROGÉRIO PENINHA MENDONÇA,SC,ROGÉRIO PENINHA MENDONÇA,MDB,160651
ROMAN,PR,ROMAN,PATRIOTA,178930
SERGIO SOUZA,PR,SERGIO SOUZA,MDB,178933
ENIO VERRI,PR,ENIO VERRI,PT,132504
CELSO SABINO,PA,CELSO SABINO,PSDB,204496
PEDRO PAULO,RJ,PEDRO PAULO,DEM,122158
VERMELHO,PR,VERMELHO,PSD,204396
ALEXANDRE LEITE,SP,ALEXANDRE LEITE,DEM,160545
RAFAEL MOTTA,RN,RAFAEL MOTTA,PSB,178951
PAULO PEREIRA DA SILVA,SP,PAULO PEREIRA DA SILVA,SOLIDARIEDADE,141518
GIOVANI CHERINI,RS,GIOVANI CHERINI,PL,160673
HERCULANO PASSOS,SP,HERCULANO PASSOS,MDB,178981
BILAC PINTO,MG,BILAC PINTO,DEM,141513
GELSON AZEVEDO,RJ,GELSON AZEVEDO,PL,115746
EDILÁZIO JÚNIOR,MA,EDILÁZIO JÚNIOR,PSD,204562
MARCO BERTAIOLLI,SP,MARCO BERTAIOLLI,PSD,204522
FRANCO CARTAFINA,MG,FRANCO CARTAFINA,PP,204510
ROBERTO ALVES,SP,ROBERTO ALVES,REPUBLICANOS,152610
CELINA LEÃO,DF,CELINA LEÃO,PP,204380
FÁBIO HENRIQUE,SE,FÁBIO HENRIQUE,PDT,68720
DELEGADO ANTÔNIO FURTADO,RJ,DELEGADO ANTÔNIO FURTADO,PSL,204451
CHARLLES EVANGELISTA,MG,CHARLLES EVANGELISTA,PSL,204490
VALTENIR PEREIRA,MT,VALTENIR PEREIRA,MDB,141552
GILBERTO ABRAMO,MG,GILBERTO ABRAMO,REPUBLICANOS,204491
GEOVANIA DE SÁ,SC,GEOVANIA DE SÁ,PSDB,178966
CÉLIO SILVEIRA,GO,CÉLIO SILVEIRA,PSDB,178876
CHICO D'ANGELO,RJ,CHICO D'ANGELO,PDT,141439
LUIZIANNE LINS,CE,LUIZIANNE LINS,PT,178866
JÉSSICA SALES,AC,JÉSSICA SALES,MDB,178839
RUY CARNEIRO,PB,RUY CARNEIRO,PSDB,160635
FERNANDO MONTEIRO,PE,FERNANDO MONTEIRO,PP,92699
ASSIS CARVALHO,PI,ASSIS CARVALHO,PT,159237
JÚLIO CESAR,PI,JÚLIO CESAR,PSD,74317
SCHIAVINATO,PR,SCHIAVINATO,PP,204399
GUILHERME MUSSI,SP,GUILHERME MUSSI,PP,160667
JOÃO MARCELO SOUZA,MA,JOÃO MARCELO SOUZA,MDB,112437
DANIEL TRZECIAK,RS,DANIEL TRZECIAK,PSDB,204409
EMIDINHO MADEIRA,MG,EMIDINHO MADEIRA,PSB,161550
DAVID SOARES,SP,DAVID SOARES,DEM,204511
DOMINGOS NETO,CE,DOMINGOS NETO,PSD,143632
BETO FARO,PA,BETO FARO,PT,141335
KÁTIA ABREU,TO,KÁTIA ABREU,PFL,73592
FERNANDO RODOLFO,PE,FERNANDO RODOLFO,PL,204427
RODRIGO COELHO,SC,RODRIGO COELHO,PSB,204366
ELMAR NASCIMENTO,BA,ELMAR NASCIMENTO,DEM,178854
JHC,AL,JHC,PSB,178842
FABIO SCHIOCHET,SC,FABIO SCHIOCHET,PSL,204368
RODRIGO DE CASTRO,MG,RODRIGO DE CASTRO,PSDB,141531
VITOR LIPPI,SP,VITOR LIPPI,PSDB,178992
VENEZIANO VITAL DO RÊGO,PB,VENEZIANO VITAL DO RÊGO,PSB,178913
AFONSO FLORENCE,BA,AFONSO FLORENCE,PT,160508
JORGE BRAZ,RJ,JORGE BRAZ,REPUBLICANOS,205550
JOÃO MAIA,RN,JOÃO MAIA,PL,141459
OSSESIO SILVA,PE,OSSESIO SILVA,REPUBLICANOS,204422
ALINE GURGEL,AP,ALINE GURGEL,REPUBLICANOS,204353
EDIO LOPES,RR,EDIO LOPES,PL,141417
PROFESSORA MARCIVANIA,AP,PROFESSORA MARCIVANIA,PCdoB,160641
PAULO MAGALHÃES,BA,PAULO MAGALHÃES,PSD,74574
JUAREZ COSTA,MT,JUAREZ COSTA,MDB,204474
NORMA AYUB,ES,NORMA AYUB,DEM,66179
ROBERTO ROCHA,MA,ROBERTO ROCHA,PSDB,74209
JOÃO H. CAMPOS,PE,JOÃO H CAMPOS,PSB,204429
TONINHO WANDSCHEER,PR,TONINHO WANDSCHEER,PROS,178934
MARA ROCHA,AC,MARA ROCHA,PSDB,204471
GIOVANI FELTES,RS,GIOVANI FELTES,MDB,178996
MARLON SANTOS,RS,MARLON SANTOS,PDT,204403
WELLINGTON ROBERTO,PB,WELLINGTON ROBERTO,PL,74043
GONZAGA PATRIOTA,PE,GONZAGA PATRIOTA,PSB,74419
LUIZ CARLOS,AP,LUIZ CARLOS,PSDB,160645
HERCÍLIO COELHO DINIZ,MG,HERCÍLIO COELHO DINIZ,MDB,204539
BIA CAVASSA,MS,BIA CAVASSA,PSDB,207176
LUIZ CARLOS MOTTA,SP,LUIZ CARLOS MOTTA,PL,204485
WELLINGTON FAGUNDES,MT,WELLINGTON FAGUNDES,PR,73653
CARLOS SAMPAIO,SP,CARLOS SAMPAIO,PSDB,74262
EMANUEL PINHEIRO NETO,MT,EMANUEL PINHEIRO NETO,PTB,198783
CLEBER VERDE,MA,CLEBER VERDE,REPUBLICANOS,141408
EFRAIM FILHO,PB,EFRAIM FILHO,DEM,141422
POLICIAL KATIA SASTRE,SP,POLICIAL KATIA SASTRE,PL,204529
JUNIO AMARAL,MG,JUNIO AMARAL,PSL,204520
RONALDO CARLETTO,BA,RONALDO CARLETTO,PP,178861
HAROLDO CATHEDRAL,RR,HAROLDO CATHEDRAL,PSD,204465
GUSTAVO FRUET,PR,GUSTAVO FRUET,PDT,73460
ACÁCIO FAVACHO,AP,ACÁCIO FAVACHO,PROS,204379
ABÍLIO SANTANA,BA,ABÍLIO SANTANA,PL,204554
BALEIA ROSSI,SP,BALEIA ROSSI,MDB,178975
LUCIANO BIVAR,PE,LUCIANO BIVAR,PSL,74478
CELSO RUSSOMANNO,SP,CELSO RUSSOMANNO,REPUBLICANOS,73441
JOSÉ PRIANTE,PA,JOSÉ PRIANTE,MDB,74079
VITOR HUGO,GO,VITOR HUGO,PSL,179587
LUCIANO DUCCI,PR,LUCIANO DUCCI,PSB,178931
NIVALDO ALBUQUERQUE,AL,NIVALDO ALBUQUERQUE,PTB,194260
FABIANO TOLENTINO,MG,FABIANO TOLENTINO,CIDADANIA,211866
MARCELO BRUM,RS,MARCELO BRUM,PSL,205863
MARCOS AURÉLIO SAMPAIO,PI,MARCOS AURÉLIO SAMPAIO,MDB,204431
FÁBIO FARIA,RN,FÁBIO FARIA,PSD,141428
TITO,BA,TITO,AVANTE,197438
FLÁVIO NOGUEIRA,PI,FLÁVIO NOGUEIRA,PDT,191923
OLIVAL MARQUES,PA,OLIVAL MARQUES,DEM,204498
JÚNIOR FERRARI,PA,JÚNIOR FERRARI,PSD,204497
LEDA SADALA,AP,LEDA SADALA,AVANTE,204375
SÉRGIO BRITO,BA,SÉRGIO BRITO,PSD,73808
ROBERTO PESSOA,CE,ROBERTO PESSOA,PSDB,74305
PEDRO AUGUSTO BEZERRA,CE,PEDRO AUGUSTO BEZERRA,PTB,90201
DANIEL COELHO,PE,DANIEL COELHO,CIDADANIA,178916
JORGINHO MELLO,SC,JORGINHO MELLO,PR,160509
WOLNEY QUEIROZ,PE,WOLNEY QUEIROZ,PDT,74439
NEREU CRISPIM,RS,NEREU CRISPIM,PSL,204415
BOSCO SARAIVA,AM,BOSCO SARAIVA,SOLIDARIEDADE,204551
ZEQUINHA MARINHO,PA,ZEQUINHA MARINHO,PSC,73933
PATRICIA FERRAZ,AP,PATRICIA FERRAZ,PODE,205535
EDUARDO GOMES,TO,EDUARDO GOMES,SD,73945
FÁBIO RAMALHO,MG,FÁBIO RAMALHO,MDB,141427
JOSÉ NUNES,BA,JOSÉ NUNES,PSD,160619
